{"stats":{"minecraft:used":{"wom:agony":18,"epicfight:skillbook":2,"minecraft:dirt":5,"minecraft:mutton":3,"minecraft:crafting_table":2,"minecraft:oak_boat":1},"minecraft:crafted":{"minecraft:oak_boat":1,"minecraft:oak_planks":60,"minecraft:crafting_table":1,"minecraft:stick":4},"minecraft:killed":{"minecraft:sheep":7},"minecraft:mined":{"minecraft:crafting_table":1,"minecraft:grass":1,"minecraft:grass_block":2,"minecraft:oak_log":15,"minecraft:dirt":9,"minecraft:tall_grass":1,"minecraft:oak_leaves":7},"minecraft:dropped":{"minecraft:oak_sapling":1},"minecraft:picked_up":{"minecraft:nautilus_shell":20,"minecraft:fishing_rod":1,"minecraft:crafting_table":1,"minecraft:wheat":2,"minecraft:prismarine_shard":1,"supplementaries:bomb_blue":1,"tombstone:tablet_of_home":2,"minecraft:potato":12,"epicfight:skillbook":2,"quark:smithing_template_rune":1,"minecraft:oak_log":15,"supplementaries:flax_seeds":1,"minecraft:carrot":10,"minecraft:gunpowder":3,"minecraft:prismarine_crystals":2,"minecraft:dirt":11,"minecraft:paper":21,"quark:ancient_tome":2,"minecraft:tnt":1,"minecraft:coast_armor_trim_smithing_template":2,"tombstone:scroll_of_knowledge":1,"minecraft:oak_boat":1,"tombstone:scroll_of_aquatic_life":1,"tombstone:bag_of_seeds":1,"tombstone:magic_scroll":1,"minecraft:oak_sapling":2,"minecraft:black_wool":1,"minecraft:mutton":13,"minecraft:coal":15,"minecraft:white_wool":6,"wom:agony":1},"minecraft:custom":{"minecraft:time_since_rest":46735,"minecraft:waystone_activated":1,"minecraft:sprint_one_cm":80595,"minecraft:walk_one_cm":43753,"minecraft:mob_kills":7,"minecraft:drop":1,"minecraft:damage_dealt":620,"minecraft:swim_one_cm":12372,"minecraft:interact_with_crafting_table":3,"minecraft:fly_one_cm":1150879,"minecraft:crouch_one_cm":2627,"minecraft:play_time":46735,"minecraft:sneak_time":2104,"minecraft:walk_under_water_one_cm":61683,"minecraft:jump":118,"minecraft:walk_on_water_one_cm":5122,"minecraft:leave_game":2,"minecraft:time_since_death":46735,"minecraft:total_world_time":46735,"minecraft:climb_one_cm":106,"minecraft:fall_one_cm":209}},"DataVersion":3465}