{"stats":{"minecraft:used":{"epicfight:skillbook":2,"minecraft:stone_pickaxe":56,"minecraft:oak_planks":6,"minecraft:wooden_pickaxe":10,"minecraft:torch":2,"minecraft:dirt":14,"minecraft:mutton":13,"minecraft:crafting_table":4,"minecraft:carrot":5,"wom:agony":53,"minecraft:black_wool":1,"minecraft:bread":4,"minecraft:melon_slice":8,"minecraft:cobblestone":9,"minecraft:yellow_bed":1,"quark:oak_chest":2,"tombstone:gift":1,"minecraft:oak_boat":3},"minecraft:killed":{"alexsmobs:emu":3,"minecraft:sheep":7,"alexsmobs:leafcutter_ant":1,"minecraft:cow":4},"minecraft:crafted":{"minecraft:oak_planks":60,"minecraft:crafting_table":3,"minecraft:wooden_pickaxe":1,"minecraft:bread":30,"minecraft:oak_boat":1,"minecraft:stick":4,"quark:oak_chest":1,"minecraft:stone_pickaxe":1,"minecraft:torch":4,"minecraft:wheat":90},"minecraft:killed_by":{"alexsmobs:komodo_dragon":1},"minecraft:dropped":{"tombstone:bag_of_seeds":1,"minecraft:oak_sapling":1},"minecraft:mined":{"quark:oak_chest":1,"minecraft:crafting_table":2,"minecraft:grass_block":6,"minecraft:melon":3,"minecraft:decorated_pot":1,"minecraft:tall_grass":8,"minecraft:cobblestone":1,"minecraft:mangrove_propagule":4,"minecraft:hay_block":17,"minecraft:yellow_bed":2,"minecraft:grass":12,"minecraft:oak_log":15,"minecraft:coal_ore":15,"minecraft:dirt":14,"minecraft:stone":50,"minecraft:oak_leaves":9},"minecraft:picked_up":{"minecraft:nautilus_shell":20,"minecraft:fishing_rod":1,"minecraft:crafting_table":2,"minecraft:wheat":2,"minecraft:prismarine_shard":1,"minecraft:leather":2,"supplementaries:bomb_blue":1,"tombstone:tablet_of_home":2,"minecraft:potato":12,"quark:smithing_template_rune":1,"minecraft:oak_log":15,"supplementaries:flax_seeds":1,"minecraft:yellow_bed":2,"minecraft:gunpowder":3,"minecraft:dirt":20,"minecraft:paper":21,"minecraft:coast_armor_trim_smithing_template":2,"minecraft:wheat_seeds":1,"alexsmobs:emu_feather":6,"minecraft:beef":10,"minecraft:oak_boat":2,"tombstone:bag_of_seeds":1,"minecraft:melon_slice":11,"wom:agony":1,"minecraft:stick":1,"epicfight:skillbook":2,"minecraft:ink_sac":2,"minecraft:carrot":10,"quark:oak_chest":1,"minecraft:prismarine_crystals":2,"quark:ancient_tome":2,"minecraft:tnt":1,"tombstone:scroll_of_knowledge":1,"minecraft:hay_block":15,"tombstone:scroll_of_aquatic_life":1,"tombstone:magic_scroll":1,"minecraft:oak_sapling":2,"minecraft:black_wool":1,"minecraft:mutton":13,"minecraft:coal":30,"minecraft:mangrove_propagule":4,"minecraft:white_wool":6,"minecraft:cobblestone":42},"minecraft:custom":{"minecraft:mob_kills":15,"minecraft:interact_with_crafting_table":8,"minecraft:leave_game":5,"minecraft:time_since_death":22810,"minecraft:sleep_in_bed":3,"minecraft:climb_one_cm":2339,"minecraft:time_since_rest":1564,"minecraft:waystone_activated":1,"minecraft:sprint_one_cm":288137,"minecraft:damage_taken":785,"minecraft:walk_one_cm":102312,"minecraft:drop":2,"minecraft:damage_dealt":1657,"minecraft:talked_to_villager":1,"minecraft:swim_one_cm":19293,"minecraft:fly_one_cm":1636535,"minecraft:open_chest":8,"minecraft:crouch_one_cm":7021,"minecraft:play_time":97814,"minecraft:deaths":1,"minecraft:sneak_time":3527,"minecraft:walk_under_water_one_cm":113062,"minecraft:jump":697,"minecraft:walk_on_water_one_cm":11118,"minecraft:total_world_time":97814,"minecraft:fall_one_cm":15087}},"DataVersion":3465}