{"stats":{"minecraft:used":{"wom:agony":29,"epicfight:skillbook":2,"minecraft:black_wool":1,"minecraft:melon_slice":4,"minecraft:stone_pickaxe":17,"minecraft:oak_planks":5,"minecraft:wooden_pickaxe":10,"minecraft:torch":1,"minecraft:cobblestone":9,"minecraft:dirt":14,"minecraft:mutton":13,"minecraft:crafting_table":3,"minecraft:carrot":3,"minecraft:oak_boat":1},"minecraft:crafted":{"minecraft:oak_boat":1,"minecraft:oak_planks":60,"minecraft:crafting_table":2,"minecraft:stick":4,"minecraft:wooden_pickaxe":1,"minecraft:stone_pickaxe":1,"minecraft:torch":4},"minecraft:killed":{"minecraft:sheep":7,"alexsmobs:leafcutter_ant":1,"alexsmobs:emu":3},"minecraft:mined":{"minecraft:crafting_table":2,"minecraft:grass":3,"minecraft:grass_block":2,"minecraft:coal_ore":15,"minecraft:oak_log":15,"minecraft:melon":3,"minecraft:dirt":14,"minecraft:cobblestone":1,"minecraft:tall_grass":1,"minecraft:stone":11,"minecraft:oak_leaves":7,"minecraft:mangrove_propagule":4},"minecraft:dropped":{"tombstone:bag_of_seeds":1,"minecraft:oak_sapling":1},"minecraft:picked_up":{"wom:agony":1,"minecraft:fishing_rod":1,"minecraft:stick":1,"minecraft:crafting_table":2,"minecraft:wheat":2,"minecraft:prismarine_shard":1,"supplementaries:bomb_blue":1,"tombstone:tablet_of_home":2,"minecraft:potato":12,"epicfight:skillbook":2,"quark:smithing_template_rune":1,"minecraft:oak_log":15,"supplementaries:flax_seeds":1,"minecraft:carrot":10,"minecraft:gunpowder":3,"minecraft:prismarine_crystals":2,"minecraft:paper":21,"minecraft:dirt":16,"quark:ancient_tome":2,"minecraft:tnt":1,"minecraft:coast_armor_trim_smithing_template":2,"alexsmobs:emu_feather":6,"tombstone:scroll_of_knowledge":1,"minecraft:oak_boat":1,"tombstone:scroll_of_aquatic_life":1,"tombstone:bag_of_seeds":1,"minecraft:melon_slice":11,"tombstone:magic_scroll":1,"minecraft:oak_sapling":2,"minecraft:black_wool":1,"minecraft:mutton":13,"minecraft:mangrove_propagule":4,"minecraft:coal":30,"minecraft:white_wool":6,"minecraft:cobblestone":12,"minecraft:nautilus_shell":20},"minecraft:custom":{"minecraft:time_since_rest":67814,"minecraft:waystone_activated":1,"minecraft:sprint_one_cm":176001,"minecraft:damage_taken":275,"minecraft:walk_one_cm":73189,"minecraft:mob_kills":11,"minecraft:drop":2,"minecraft:damage_dealt":1220,"minecraft:swim_one_cm":12372,"minecraft:interact_with_crafting_table":6,"minecraft:fly_one_cm":1213919,"minecraft:crouch_one_cm":5103,"minecraft:play_time":67814,"minecraft:sneak_time":2845,"minecraft:walk_under_water_one_cm":61683,"minecraft:jump":353,"minecraft:leave_game":5,"minecraft:time_since_death":67814,"minecraft:walk_on_water_one_cm":7636,"minecraft:total_world_time":67814,"minecraft:climb_one_cm":1500,"minecraft:fall_one_cm":4151}},"DataVersion":3465}