{"stats":{"minecraft:used":{"minecraft:crafting_table":1},"minecraft:crafted":{"minecraft:oak_planks":60,"minecraft:crafting_table":1},"minecraft:mined":{"minecraft:oak_log":15,"minecraft:oak_leaves":1},"minecraft:picked_up":{"minecraft:nautilus_shell":20,"minecraft:fishing_rod":1,"quark:ancient_tome":2,"minecraft:tnt":1,"minecraft:wheat":2,"minecraft:coast_armor_trim_smithing_template":2,"minecraft:prismarine_shard":1,"supplementaries:bomb_blue":1,"tombstone:tablet_of_home":2,"tombstone:scroll_of_knowledge":1,"minecraft:potato":12,"epicfight:skillbook":2,"quark:smithing_template_rune":1,"minecraft:oak_log":15,"tombstone:bag_of_seeds":1,"tombstone:scroll_of_aquatic_life":1,"supplementaries:flax_seeds":1,"minecraft:gunpowder":3,"minecraft:carrot":10,"tombstone:magic_scroll":1,"minecraft:oak_sapling":1,"minecraft:prismarine_crystals":2,"minecraft:coal":15,"minecraft:paper":21,"wom:agony":1},"minecraft:custom":{"minecraft:time_since_rest":34735,"minecraft:waystone_activated":1,"minecraft:crouch_one_cm":1781,"minecraft:play_time":34735,"minecraft:sprint_one_cm":15970,"minecraft:walk_one_cm":5406,"minecraft:sneak_time":1841,"minecraft:walk_under_water_one_cm":61546,"minecraft:jump":40,"minecraft:leave_game":2,"minecraft:time_since_death":34735,"minecraft:walk_on_water_one_cm":3574,"minecraft:climb_one_cm":106,"minecraft:total_world_time":34735,"minecraft:interact_with_crafting_table":1,"minecraft:swim_one_cm":11191,"minecraft:fly_one_cm":1132986}},"DataVersion":3465}