{"stats":{"minecraft:custom":{"minecraft:time_since_rest":17355,"minecraft:waystone_activated":1,"minecraft:play_time":17355,"minecraft:sprint_one_cm":1059,"minecraft:walk_one_cm":722,"minecraft:sneak_time":845,"minecraft:walk_under_water_one_cm":60486,"minecraft:jump":13,"minecraft:leave_game":2,"minecraft:time_since_death":17355,"minecraft:walk_on_water_one_cm":3384,"minecraft:total_world_time":17355,"minecraft:swim_one_cm":6379,"minecraft:fly_one_cm":818230},"minecraft:picked_up":{"minecraft:nautilus_shell":20,"minecraft:fishing_rod":1,"quark:ancient_tome":2,"minecraft:tnt":1,"minecraft:wheat":2,"minecraft:coast_armor_trim_smithing_template":2,"minecraft:prismarine_shard":1,"supplementaries:bomb_blue":1,"tombstone:tablet_of_home":2,"tombstone:scroll_of_knowledge":1,"minecraft:potato":12,"epicfight:skillbook":2,"quark:smithing_template_rune":1,"tombstone:bag_of_seeds":1,"tombstone:scroll_of_aquatic_life":1,"supplementaries:flax_seeds":1,"minecraft:gunpowder":3,"minecraft:carrot":10,"tombstone:magic_scroll":1,"minecraft:prismarine_crystals":2,"minecraft:coal":15,"minecraft:paper":21,"wom:agony":1}},"DataVersion":3465}