{"stats":{"minecraft:used":{"epicfight:skillbook":2,"minecraft:stone_pickaxe":86,"minecraft:oak_planks":6,"minecraft:wooden_pickaxe":10,"minecraft:torch":5,"minecraft:dirt":14,"minecraft:mutton":13,"minecraft:crafting_table":5,"minecraft:carrot":5,"wom:agony":58,"minecraft:black_wool":1,"minecraft:bread":7,"minecraft:melon_slice":8,"minecraft:iron_pickaxe":126,"minecraft:cobblestone":39,"minecraft:furnace":1,"tombstone:gift":1,"quark:oak_chest":2,"minecraft:oak_boat":3,"minecraft:yellow_bed":3},"minecraft:killed":{"alexsmobs:emu":3,"minecraft:sheep":7,"alexsmobs:leafcutter_ant":1,"minecraft:cow":5},"minecraft:crafted":{"minecraft:oak_planks":60,"minecraft:crafting_table":3,"minecraft:wooden_pickaxe":1,"minecraft:furnace":1,"minecraft:bread":30,"minecraft:air":0,"minecraft:oak_boat":1,"minecraft:stick":8,"minecraft:iron_ingot":21,"quark:oak_chest":1,"minecraft:iron_pickaxe":1,"minecraft:stone_pickaxe":1,"minecraft:torch":12,"minecraft:wheat":90},"minecraft:killed_by":{"alexsmobs:komodo_dragon":1},"minecraft:dropped":{"tombstone:bag_of_seeds":1,"minecraft:oak_sapling":1},"minecraft:mined":{"minecraft:diamond_ore":6,"quark:oak_chest":1,"minecraft:crafting_table":3,"minecraft:grass_block":6,"minecraft:decorated_pot":1,"minecraft:melon":3,"spelunkery:andesite_iron_ore":1,"minecraft:tall_grass":10,"minecraft:cobblestone":4,"minecraft:mangrove_propagule":4,"minecraft:hay_block":17,"minecraft:furnace":1,"minecraft:iron_ore":33,"minecraft:yellow_bed":3,"minecraft:grass":16,"minecraft:oak_log":15,"minecraft:coal_ore":36,"minecraft:dirt":14,"minecraft:stone":141,"minecraft:oak_leaves":9},"minecraft:picked_up":{"minecraft:nautilus_shell":20,"minecraft:fishing_rod":1,"minecraft:crafting_table":3,"minecraft:wheat":2,"minecraft:prismarine_shard":1,"supplementaries:bomb_blue":1,"minecraft:leather":4,"tombstone:tablet_of_home":2,"minecraft:potato":12,"quark:smithing_template_rune":1,"minecraft:oak_log":15,"supplementaries:flax_seeds":1,"minecraft:yellow_bed":3,"minecraft:gunpowder":3,"minecraft:dirt":20,"minecraft:paper":21,"minecraft:coast_armor_trim_smithing_template":2,"alexsmobs:emu_feather":6,"minecraft:wheat_seeds":1,"minecraft:beef":13,"minecraft:oak_boat":2,"tombstone:bag_of_seeds":1,"minecraft:melon_slice":11,"minecraft:furnace":1,"wom:agony":1,"minecraft:stick":1,"minecraft:raw_iron":34,"epicfight:skillbook":2,"minecraft:ink_sac":2,"minecraft:carrot":10,"quark:oak_chest":1,"minecraft:prismarine_crystals":2,"quark:ancient_tome":2,"minecraft:tnt":1,"spelunkery:rough_diamond":6,"tombstone:scroll_of_knowledge":1,"minecraft:hay_block":15,"tombstone:scroll_of_aquatic_life":1,"tombstone:magic_scroll":1,"minecraft:oak_sapling":2,"minecraft:black_wool":1,"minecraft:mutton":13,"minecraft:mangrove_propagule":4,"minecraft:coal":95,"minecraft:white_wool":6,"minecraft:cobblestone":136},"minecraft:custom":{"minecraft:interact_with_furnace":12,"minecraft:mob_kills":16,"minecraft:interact_with_crafting_table":18,"minecraft:interact_with_grindstone":1,"minecraft:leave_game":6,"minecraft:time_since_death":53926,"minecraft:sleep_in_bed":5,"minecraft:climb_one_cm":2875,"minecraft:time_since_rest":5323,"minecraft:waystone_activated":1,"minecraft:sprint_one_cm":364220,"minecraft:damage_taken":785,"minecraft:walk_one_cm":127041,"minecraft:drop":2,"minecraft:damage_dealt":1757,"minecraft:swim_one_cm":20018,"minecraft:talked_to_villager":2,"minecraft:fly_one_cm":1693395,"minecraft:open_chest":10,"minecraft:crouch_one_cm":20106,"minecraft:play_time":128930,"minecraft:deaths":1,"minecraft:sneak_time":7205,"minecraft:walk_under_water_one_cm":132172,"minecraft:jump":888,"minecraft:walk_on_water_one_cm":24158,"minecraft:total_world_time":128930,"minecraft:fall_one_cm":18820}},"DataVersion":3465}