{"stats":{"minecraft:used":{"minecraft:oak_log":1,"minecraft:cooked_mutton":1,"minecraft:wooden_axe":34,"minecraft:wooden_pickaxe":50,"minecraft:rotten_flesh":1,"minecraft:cobblestone":1,"minecraft:crafting_table":2,"minecraft:furnace":1,"tombstone:gift":1,"alexsmobs:animal_dictionary":1,"minecraft:pumpkin":4},"minecraft:crafted":{"minecraft:oak_planks":112,"minecraft:crafting_table":1,"minecraft:stick":16,"minecraft:wooden_pickaxe":1,"minecraft:stone_pickaxe":1,"minecraft:wooden_axe":1,"minecraft:white_bed":1,"minecraft:furnace":1,"minecraft:stone_axe":1,"minecraft:air":0,"minecraft:cooked_mutton":7},"minecraft:killed":{"minecraft:sheep":5,"minecraft:zombie":2,"alexsmobs:terrapin":1,"minecraft:spider":1,"minecraft:drowned":1},"minecraft:killed_by":{"minecraft:skeleton":1},"minecraft:mined":{"minecraft:birch_leaves":2,"minecraft:pumpkin":4,"minecraft:crafting_table":1,"minecraft:grass":5,"minecraft:oak_log":29,"minecraft:stone":50,"minecraft:oak_leaves":7},"minecraft:dropped":{"alexsmobs:animal_dictionary":1,"minecraft:birch_sapling":3},"minecraft:broken":{"minecraft:wooden_axe":1},"minecraft:picked_up":{"minecraft:stick":1,"minecraft:crafting_table":1,"minecraft:pumpkin":4,"minecraft:oak_log":29,"tombstone:grave_dust":1,"alexsmobs:animal_dictionary":1,"minecraft:rotten_flesh":1,"minecraft:light_gray_wool":1,"minecraft:black_wool":1,"minecraft:birch_sapling":3,"minecraft:mutton":7,"minecraft:white_wool":3,"minecraft:cobblestone":50},"minecraft:custom":{"minecraft:time_since_rest":21047,"minecraft:interact_with_furnace":5,"minecraft:sprint_one_cm":38334,"minecraft:damage_taken":355,"minecraft:walk_one_cm":82539,"minecraft:mob_kills":11,"minecraft:drop":4,"minecraft:damage_dealt":1546,"minecraft:interact_with_crafting_table":5,"minecraft:swim_one_cm":20766,"minecraft:fly_one_cm":55303,"minecraft:crouch_one_cm":2609,"minecraft:play_time":40053,"tombstone:undead_killed":3,"minecraft:deaths":1,"minecraft:sneak_time":772,"minecraft:walk_under_water_one_cm":2652,"minecraft:jump":224,"minecraft:time_since_death":21496,"minecraft:walk_on_water_one_cm":3295,"minecraft:total_world_time":40053,"minecraft:fall_one_cm":3632}},"DataVersion":3465}