{"stats":{"minecraft:used":{"minecraft:cooked_mutton":4,"minecraft:stone_pickaxe":84,"minecraft:oak_planks":6,"minecraft:wooden_pickaxe":50,"minecraft:rotten_flesh":1,"minecraft:torch":3,"minecraft:crafting_table":3,"minecraft:oak_log":2,"minecraft:wooden_axe":34,"minecraft:stone_axe":68,"minecraft:cobblestone":7,"minecraft:furnace":2,"minecraft:birch_log":1,"tombstone:gift":1,"alexsmobs:animal_dictionary":1,"minecraft:egg":1,"minecraft:pumpkin":4},"minecraft:killed":{"minecraft:spider":3,"minecraft:sheep":7,"minecraft:donkey":1,"minecraft:zombie":2,"alexsmobs:terrapin":3,"minecraft:chicken":2,"minecraft:drowned":2},"minecraft:crafted":{"minecraft:oak_planks":112,"minecraft:crafting_table":1,"minecraft:wooden_pickaxe":1,"minecraft:furnace":1,"minecraft:stone_axe":1,"minecraft:cooked_mutton":7,"minecraft:air":0,"minecraft:charcoal":4,"minecraft:stick":16,"minecraft:stone_pickaxe":1,"minecraft:wooden_axe":1,"minecraft:white_bed":1,"minecraft:torch":16},"minecraft:killed_by":{"minecraft:skeleton":1},"minecraft:broken":{"minecraft:wooden_axe":1},"minecraft:mined":{"minecraft:crafting_table":3,"minecraft:cobblestone":2,"minecraft:oak_planks":6,"minecraft:sugar_cane":5,"minecraft:wall_torch":2,"minecraft:furnace":2,"minecraft:birch_log":1,"minecraft:andesite":3,"minecraft:birch_leaves":5,"minecraft:pumpkin":4,"minecraft:grass":6,"minecraft:coal_ore":7,"minecraft:oak_log":57,"minecraft:stone":120,"minecraft:oak_leaves":9},"minecraft:dropped":{"minecraft:wheat_seeds":2,"alexsmobs:animal_dictionary":1,"minecraft:birch_sapling":4,"minecraft:feather":3,"minecraft:dirt":14,"minecraft:gray_wool":1,"tombstone:grave_dust":2,"minecraft:wooden_pickaxe":1,"minecraft:string":1,"minecraft:black_wool":1},"minecraft:picked_up":{"minecraft:birch_log":1,"minecraft:crafting_table":3,"minecraft:feather":3,"minecraft:chicken":4,"minecraft:andesite":3,"minecraft:leather":2,"minecraft:oak_log":57,"minecraft:gunpowder":1,"minecraft:dirt":14,"minecraft:string":1,"minecraft:wheat_seeds":2,"minecraft:light_gray_wool":1,"minecraft:sugar_cane":13,"minecraft:birch_sapling":4,"minecraft:oak_planks":8,"minecraft:furnace":2,"minecraft:egg":1,"minecraft:stick":1,"minecraft:pumpkin":4,"minecraft:torch":2,"tombstone:grave_dust":1,"alexsmobs:animal_dictionary":1,"minecraft:rotten_flesh":1,"minecraft:gray_wool":1,"minecraft:mutton":9,"minecraft:black_wool":2,"minecraft:coal":7,"minecraft:white_wool":3,"minecraft:cobblestone":121},"minecraft:custom":{"minecraft:interact_with_furnace":7,"minecraft:mob_kills":21,"minecraft:interact_with_crafting_table":6,"minecraft:time_since_death":57496,"minecraft:time_since_rest":57047,"minecraft:sprint_one_cm":70177,"minecraft:damage_taken":495,"minecraft:walk_one_cm":142120,"minecraft:drop":14,"minecraft:damage_dealt":2697,"minecraft:swim_one_cm":45705,"minecraft:fly_one_cm":83421,"minecraft:crouch_one_cm":3801,"minecraft:play_time":76053,"tombstone:undead_killed":4,"minecraft:deaths":1,"minecraft:sneak_time":1274,"minecraft:walk_under_water_one_cm":18001,"minecraft:jump":366,"minecraft:walk_on_water_one_cm":7446,"minecraft:total_world_time":76053,"minecraft:fall_one_cm":6142}},"DataVersion":3465}