{"stats":{"minecraft:used":{"minecraft:cooked_mutton":2,"minecraft:stone_pickaxe":23,"minecraft:oak_planks":6,"minecraft:wooden_pickaxe":50,"minecraft:rotten_flesh":1,"minecraft:crafting_table":2,"minecraft:oak_log":1,"minecraft:wooden_axe":34,"minecraft:stone_axe":60,"minecraft:cobblestone":7,"minecraft:furnace":2,"minecraft:birch_log":1,"tombstone:gift":1,"alexsmobs:animal_dictionary":1,"minecraft:egg":1,"minecraft:pumpkin":4},"minecraft:killed":{"minecraft:spider":3,"minecraft:sheep":7,"minecraft:donkey":1,"minecraft:zombie":2,"alexsmobs:terrapin":3,"minecraft:chicken":2,"minecraft:drowned":1},"minecraft:crafted":{"minecraft:oak_planks":112,"minecraft:crafting_table":1,"minecraft:wooden_pickaxe":1,"minecraft:furnace":1,"minecraft:stone_axe":1,"minecraft:cooked_mutton":7,"minecraft:air":0,"minecraft:stick":16,"minecraft:stone_pickaxe":1,"minecraft:wooden_axe":1,"minecraft:white_bed":1},"minecraft:killed_by":{"minecraft:skeleton":1},"minecraft:broken":{"minecraft:wooden_axe":1},"minecraft:mined":{"minecraft:crafting_table":2,"minecraft:cobblestone":1,"minecraft:oak_planks":6,"minecraft:sugar_cane":5,"minecraft:furnace":1,"minecraft:birch_log":1,"minecraft:birch_leaves":5,"minecraft:pumpkin":4,"minecraft:grass":6,"minecraft:oak_log":56,"minecraft:stone":71,"minecraft:oak_leaves":9},"minecraft:dropped":{"minecraft:wheat_seeds":2,"alexsmobs:animal_dictionary":1,"minecraft:birch_sapling":4,"minecraft:feather":3,"minecraft:dirt":14,"minecraft:gray_wool":1,"minecraft:wooden_pickaxe":1,"minecraft:string":1,"minecraft:black_wool":1},"minecraft:picked_up":{"minecraft:birch_log":1,"minecraft:crafting_table":2,"minecraft:feather":3,"minecraft:chicken":4,"minecraft:leather":2,"minecraft:oak_log":56,"minecraft:gunpowder":1,"minecraft:dirt":14,"minecraft:string":1,"minecraft:wheat_seeds":2,"minecraft:light_gray_wool":1,"minecraft:sugar_cane":13,"minecraft:birch_sapling":4,"minecraft:oak_planks":6,"minecraft:furnace":1,"minecraft:egg":1,"minecraft:stick":1,"minecraft:pumpkin":4,"tombstone:grave_dust":1,"alexsmobs:animal_dictionary":1,"minecraft:rotten_flesh":1,"minecraft:gray_wool":1,"minecraft:mutton":9,"minecraft:black_wool":2,"minecraft:white_wool":3,"minecraft:cobblestone":72},"minecraft:custom":{"minecraft:interact_with_furnace":6,"minecraft:mob_kills":20,"minecraft:interact_with_crafting_table":5,"minecraft:time_since_death":45496,"minecraft:time_since_rest":45047,"minecraft:sprint_one_cm":69349,"minecraft:damage_taken":415,"minecraft:walk_one_cm":124055,"minecraft:drop":12,"minecraft:damage_dealt":2496,"minecraft:swim_one_cm":41801,"minecraft:fly_one_cm":83288,"minecraft:crouch_one_cm":3427,"minecraft:play_time":64053,"tombstone:undead_killed":3,"minecraft:deaths":1,"minecraft:sneak_time":988,"minecraft:walk_under_water_one_cm":4838,"minecraft:jump":356,"minecraft:walk_on_water_one_cm":6143,"minecraft:total_world_time":64053,"minecraft:fall_one_cm":6142}},"DataVersion":3465}