{"stats":{"minecraft:used":{"minecraft:oak_log":1,"minecraft:cooked_mutton":2,"minecraft:wooden_axe":34,"minecraft:stone_pickaxe":2,"minecraft:oak_planks":6,"minecraft:wooden_pickaxe":50,"minecraft:rotten_flesh":1,"minecraft:stone_axe":59,"minecraft:cobblestone":1,"minecraft:crafting_table":2,"minecraft:furnace":1,"tombstone:gift":1,"alexsmobs:animal_dictionary":1,"minecraft:pumpkin":4},"minecraft:crafted":{"minecraft:oak_planks":112,"minecraft:crafting_table":1,"minecraft:stick":16,"minecraft:wooden_pickaxe":1,"minecraft:stone_pickaxe":1,"minecraft:wooden_axe":1,"minecraft:white_bed":1,"minecraft:furnace":1,"minecraft:stone_axe":1,"minecraft:air":0,"minecraft:cooked_mutton":7},"minecraft:killed":{"minecraft:sheep":7,"minecraft:donkey":1,"minecraft:zombie":2,"alexsmobs:terrapin":3,"minecraft:chicken":2,"minecraft:spider":3,"minecraft:drowned":1},"minecraft:killed_by":{"minecraft:skeleton":1},"minecraft:dropped":{"alexsmobs:animal_dictionary":1,"minecraft:birch_sapling":3},"minecraft:mined":{"minecraft:furnace":1,"minecraft:birch_log":1,"minecraft:birch_leaves":4,"minecraft:pumpkin":4,"minecraft:crafting_table":2,"minecraft:grass":6,"minecraft:oak_log":56,"minecraft:cobblestone":1,"minecraft:stone":50,"minecraft:sugar_cane":5,"minecraft:oak_planks":5,"minecraft:oak_leaves":9},"minecraft:broken":{"minecraft:wooden_axe":1},"minecraft:picked_up":{"minecraft:birch_log":1,"minecraft:stick":1,"minecraft:crafting_table":2,"minecraft:feather":3,"minecraft:chicken":4,"minecraft:pumpkin":4,"minecraft:leather":2,"minecraft:oak_log":56,"tombstone:grave_dust":1,"minecraft:gunpowder":1,"minecraft:string":1,"minecraft:dirt":14,"alexsmobs:animal_dictionary":1,"minecraft:rotten_flesh":1,"minecraft:wheat_seeds":2,"minecraft:gray_wool":1,"minecraft:sugar_cane":13,"minecraft:light_gray_wool":1,"minecraft:oak_planks":5,"minecraft:black_wool":2,"minecraft:birch_sapling":4,"minecraft:mutton":9,"minecraft:egg":1,"minecraft:white_wool":3,"minecraft:cobblestone":51,"minecraft:furnace":1},"minecraft:custom":{"minecraft:time_since_rest":33047,"minecraft:interact_with_furnace":5,"minecraft:sprint_one_cm":67556,"minecraft:damage_taken":385,"minecraft:walk_one_cm":117414,"minecraft:mob_kills":20,"minecraft:drop":4,"minecraft:damage_dealt":2496,"minecraft:interact_with_crafting_table":5,"minecraft:swim_one_cm":30504,"minecraft:fly_one_cm":82300,"minecraft:crouch_one_cm":3022,"minecraft:play_time":52053,"tombstone:undead_killed":3,"minecraft:deaths":1,"minecraft:sneak_time":910,"minecraft:walk_under_water_one_cm":2731,"minecraft:jump":340,"minecraft:time_since_death":33496,"minecraft:walk_on_water_one_cm":5453,"minecraft:total_world_time":52053,"minecraft:fall_one_cm":5364}},"DataVersion":3465}