{"stats":{"minecraft:used":{"minecraft:cooked_mutton":8,"minecraft:stone_pickaxe":107,"minecraft:oak_planks":6,"minecraft:wooden_pickaxe":50,"minecraft:rotten_flesh":1,"minecraft:torch":9,"minecraft:dirt":7,"minecraft:crafting_table":3,"minecraft:oak_log":6,"minecraft:wooden_axe":34,"minecraft:black_wool":1,"minecraft:grass_block":1,"minecraft:stone_axe":89,"minecraft:cobblestone":8,"minecraft:furnace":3,"minecraft:andesite":3,"minecraft:birch_log":1,"tombstone:gift":1,"alexsmobs:animal_dictionary":1,"minecraft:egg":1,"minecraft:pumpkin":4},"minecraft:killed":{"minecraft:spider":3,"minecraft:wandering_trader":1,"minecraft:sheep":8,"minecraft:trader_llama":2,"minecraft:donkey":1,"minecraft:zombie":2,"alexsmobs:terrapin":3,"minecraft:chicken":2,"minecraft:drowned":2,"minecraft:enderman":1},"minecraft:crafted":{"minecraft:oak_planks":112,"minecraft:crafting_table":1,"minecraft:wooden_pickaxe":1,"minecraft:furnace":1,"minecraft:stone_axe":1,"minecraft:cooked_mutton":9,"minecraft:air":0,"minecraft:charcoal":4,"minecraft:stick":16,"minecraft:stone_pickaxe":1,"minecraft:wooden_axe":1,"minecraft:white_bed":1,"minecraft:torch":16},"minecraft:killed_by":{"minecraft:skeleton":1,"minecraft:enderman":2},"minecraft:broken":{"minecraft:wooden_axe":1},"minecraft:mined":{"minecraft:crafting_table":3,"minecraft:grass_block":1,"minecraft:cobblestone":2,"minecraft:oak_planks":6,"minecraft:sugar_cane":5,"minecraft:wall_torch":2,"minecraft:furnace":2,"minecraft:birch_log":1,"minecraft:andesite":3,"minecraft:birch_leaves":5,"minecraft:pumpkin":4,"minecraft:grass":6,"minecraft:coal_ore":30,"minecraft:oak_log":58,"minecraft:dirt":6,"minecraft:stone":120,"minecraft:oak_leaves":9},"minecraft:dropped":{"minecraft:wheat_seeds":2,"alexsmobs:animal_dictionary":1,"minecraft:birch_sapling":4,"minecraft:feather":3,"minecraft:dirt":14,"minecraft:gray_wool":1,"tombstone:grave_dust":2,"minecraft:wooden_pickaxe":1,"minecraft:string":1,"minecraft:black_wool":1},"minecraft:picked_up":{"minecraft:birch_log":1,"minecraft:crafting_table":3,"minecraft:feather":3,"minecraft:chicken":4,"minecraft:andesite":3,"minecraft:leather":2,"minecraft:lead":2,"minecraft:oak_log":58,"minecraft:gunpowder":1,"minecraft:dirt":21,"minecraft:string":1,"minecraft:wheat_seeds":2,"minecraft:light_gray_wool":1,"minecraft:sugar_cane":13,"minecraft:birch_sapling":4,"minecraft:oak_planks":8,"minecraft:furnace":2,"minecraft:egg":1,"minecraft:stick":1,"minecraft:pumpkin":4,"minecraft:torch":2,"tombstone:grave_dust":1,"minecraft:grass_block":1,"alexsmobs:animal_dictionary":1,"minecraft:rotten_flesh":1,"minecraft:gray_wool":1,"minecraft:mutton":11,"minecraft:black_wool":3,"minecraft:coal":31,"minecraft:white_wool":3,"minecraft:cobblestone":121},"minecraft:custom":{"minecraft:interact_with_furnace":10,"minecraft:mob_kills":26,"minecraft:interact_with_crafting_table":6,"minecraft:leave_game":1,"minecraft:time_since_death":361,"minecraft:time_since_rest":1,"minecraft:sprint_one_cm":105128,"minecraft:damage_taken":1325,"minecraft:walk_one_cm":192035,"minecraft:drop":14,"minecraft:damage_dealt":4022,"minecraft:swim_one_cm":69367,"minecraft:talked_to_villager":1,"minecraft:fly_one_cm":118218,"minecraft:crouch_one_cm":5053,"minecraft:play_time":91516,"tombstone:undead_killed":4,"minecraft:deaths":3,"minecraft:sneak_time":1523,"minecraft:walk_under_water_one_cm":22527,"tombstone:villager_killed":1,"minecraft:jump":570,"minecraft:walk_on_water_one_cm":12997,"minecraft:total_world_time":91516,"minecraft:fall_one_cm":9028}},"DataVersion":3465}