{"stats":{"minecraft:used":{"minecraft:oak_log":1,"minecraft:crafting_table":1,"alexsmobs:animal_dictionary":1,"minecraft:pumpkin":4},"minecraft:crafted":{"minecraft:oak_planks":112,"minecraft:crafting_table":1},"minecraft:dropped":{"alexsmobs:animal_dictionary":1,"minecraft:birch_sapling":3},"minecraft:mined":{"minecraft:oak_log":29,"minecraft:birch_leaves":2,"minecraft:pumpkin":4,"minecraft:oak_leaves":6},"minecraft:picked_up":{"minecraft:stick":1,"minecraft:pumpkin":4,"minecraft:oak_log":29,"minecraft:birch_sapling":3,"alexsmobs:animal_dictionary":1},"minecraft:custom":{"minecraft:time_since_rest":16053,"minecraft:crouch_one_cm":2487,"minecraft:play_time":16053,"minecraft:sprint_one_cm":16195,"minecraft:damage_taken":40,"minecraft:walk_one_cm":26739,"minecraft:sneak_time":716,"minecraft:walk_under_water_one_cm":1218,"minecraft:drop":4,"minecraft:jump":105,"minecraft:damage_dealt":9,"minecraft:walk_on_water_one_cm":1303,"minecraft:time_since_death":16053,"minecraft:total_world_time":16053,"minecraft:swim_one_cm":5387,"minecraft:interact_with_crafting_table":1,"minecraft:fall_one_cm":2111,"minecraft:fly_one_cm":19507}},"DataVersion":3465}