{
  "dungeons_arise:wda_root": {
    "criteria": {
      "WDA": "2024-06-24 20:32:10 +0000"
    },
    "done": true
  },
  "create:root": {
    "criteria": {
      "0": "2024-06-24 20:32:10 +0000"
    },
    "done": true
  },
  "repurposed_structures:root": {
    "criteria": {
      "always": "2024-06-24 20:32:10 +0000"
    },
    "done": true
  },
  "cataclysm:root": {
    "criteria": {
      "custom_test_name": "2024-06-24 20:32:10 +0000"
    },
    "done": true
  },
  "incendium:technical/new_player": {
    "criteria": {
      "requirement": "2024-06-24 20:32:10 +0000"
    },
    "done": true
  },
  "incendium:technical/scroll_of_returning": {
    "criteria": {
      "log_spam_fixer": "2024-06-24 20:32:11 +0000"
    },
    "done": false
  },
  "incendium:technical/using/ragnarok": {
    "criteria": {
      "log_spam_fixer": "2024-06-24 20:32:11 +0000"
    },
    "done": false
  },
  "incendium:technical/using/trailblazer": {
    "criteria": {
      "log_spam_fixer": "2024-06-24 20:32:11 +0000"
    },
    "done": false
  },
  "minecraft:adventure/adventuring_time": {
    "criteria": {
      "minecraft:old_growth_pine_taiga": "2024-06-24 21:28:40 +0000",
      "minecraft:taiga": "2024-06-24 21:28:17 +0000",
      "minecraft:birch_forest": "2024-06-24 20:34:56 +0000",
      "minecraft:bamboo_jungle": "2024-06-24 21:50:26 +0000",
      "minecraft:beach": "2024-06-24 20:48:08 +0000",
      "minecraft:mangrove_swamp": "2024-06-24 21:54:14 +0000",
      "minecraft:sparse_jungle": "2024-06-24 20:37:24 +0000",
      "minecraft:lukewarm_ocean": "2024-06-24 20:37:53 +0000",
      "minecraft:river": "2024-06-24 20:35:57 +0000",
      "minecraft:forest": "2024-06-24 20:32:11 +0000",
      "minecraft:lush_caves": "2024-06-24 20:47:22 +0000",
      "minecraft:windswept_forest": "2024-06-24 21:47:37 +0000",
      "minecraft:ocean": "2024-06-24 20:40:28 +0000",
      "minecraft:windswept_savanna": "2024-06-24 21:48:13 +0000",
      "minecraft:deep_lukewarm_ocean": "2024-06-24 20:42:25 +0000",
      "minecraft:old_growth_birch_forest": "2024-06-24 20:40:30 +0000",
      "minecraft:plains": "2024-06-24 20:35:59 +0000"
    },
    "done": false
  },
  "incendium:technical/using/shield": {
    "criteria": {
      "log_spam_fixer": "2024-06-24 20:32:11 +0000"
    },
    "done": false
  },
  "tombstone:adventure/root": {
    "criteria": {
      "auto": "2024-06-24 20:32:11 +0000"
    },
    "done": true
  },
  "spelunkery:recipes/coal": {
    "criteria": {
      "has_item": "2024-06-24 20:39:09 +0000"
    },
    "done": true
  },
  "tombstone:adventure/create_magic_scroll": {
    "criteria": {
      "has_magic_scroll": "2024-06-24 20:39:09 +0000"
    },
    "done": true
  },
  "tombstone:adventure/create_magic_tablet": {
    "criteria": {
      "has_magic_tablet": "2024-06-24 20:39:11 +0000"
    },
    "done": true
  },
  "spelunkery:recipes/gunpowder": {
    "criteria": {
      "has_item": "2024-06-24 20:39:14 +0000"
    },
    "done": true
  },
  "dungeons_arise:find_illager_corsair_or_illager_galley": {
    "criteria": {
      "location1": "2024-06-24 20:42:47 +0000"
    },
    "done": true
  },
  "minecraft:story/root": {
    "criteria": {
      "crafting_table": "2024-06-24 21:39:23 +0000"
    },
    "done": true
  },
  "spelunkery:recipes/stick": {
    "criteria": {
      "has_item": "2024-06-24 21:39:37 +0000"
    },
    "done": true
  },
  "minecraft:adventure/root": {
    "criteria": {
      "killed_something": "2024-06-24 21:40:05 +0000"
    },
    "done": true
  },
  "minecraft:husbandry/balanced_diet": {
    "criteria": {
      "mutton": "2024-06-24 21:46:42 +0000",
      "carrot": "2024-06-24 21:55:46 +0000"
    },
    "done": false
  },
  "minecraft:husbandry/root": {
    "criteria": {
      "consumed_item": "2024-06-24 21:46:42 +0000"
    },
    "done": true
  },
  "alexsmobs:alexsmobs/emu": {
    "criteria": {
      "killed_by": "2024-06-24 21:49:30 +0000"
    },
    "done": true
  },
  "supplementaries:adventure/way_sign": {
    "criteria": {
      "bastion": "2024-06-24 21:50:49 +0000"
    },
    "done": true
  },
  "minecraft:story/mine_stone": {
    "criteria": {
      "get_stone": "2024-06-24 21:57:01 +0000"
    },
    "done": true
  },
  "minecraft:story/upgrade_tools": {
    "criteria": {
      "stone_pickaxe": "2024-06-24 21:57:24 +0000"
    },
    "done": true
  },
  "incendium:technical/sentrys_wrath": {
    "criteria": {
      "log_spam_fixer": "2024-06-24 21:57:32 +0000"
    },
    "done": false
  },
  "incendium:technical/inventory/sentrys_wrath": {
    "criteria": {
      "log_spam_fixer": "2024-06-24 21:57:32 +0000"
    },
    "done": false
  },
  "incendium:technical/multiplex_crossbow": {
    "criteria": {
      "log_spam_fixer": "2024-06-24 21:57:32 +0000"
    },
    "done": false
  },
  "incendium:technical/feed_ghastling": {
    "criteria": {
      "log_spam_fixer": "2024-06-24 21:57:32 +0000"
    },
    "done": false
  },
  "incendium:technical/on_inventory_change": {
    "criteria": {
      "log_spam_fixer": "2024-06-24 21:57:32 +0000"
    },
    "done": false
  },
  "incendium:technical/on_player_hurt": {
    "criteria": {
      "log_spam_fixer": "2024-06-24 21:57:32 +0000"
    },
    "done": false
  },
  "incendium:technical/firestorm": {
    "criteria": {
      "log_spam_fixer": "2024-06-24 21:57:32 +0000"
    },
    "done": false
  },
  "incendium:technical/holy_wrath": {
    "criteria": {
      "log_spam_fixer": "2024-06-24 21:57:32 +0000"
    },
    "done": false
  },
  "incendium:technical/on_block": {
    "criteria": {
      "log_spam_fixer": "2024-06-24 21:57:32 +0000"
    },
    "done": false
  },
  "incendium:technical/inventory/firestorm": {
    "criteria": {
      "log_spam_fixer": "2024-06-24 21:57:32 +0000"
    },
    "done": false
  },
  "incendium:technical/give_ghastling": {
    "criteria": {
      "log_spam_fixer": "2024-06-24 21:57:32 +0000"
    },
    "done": false
  },
  "incendium:technical/on_kill": {
    "criteria": {
      "log_spam_fixer": "2024-06-24 21:57:32 +0000"
    },
    "done": false
  },
  "DataVersion": 3465
}